question,answer,source,security classification
,Certainly! Here is the updated essay with a longer length and an informative tone:,DocxTest.docx,
,The Impact of Technology on Society,DocxTest.docx,
,"In the contemporary world, technology is the cornerstone of change and progress",DocxTest.docx,
,"It has undeniably altered the way we live, work, and interact with one another",DocxTest.docx,
,"The advent of the internet, smartphones, and artificial intelligence has revolutionized communication, healthcare, education, and business",DocxTest.docx,
,Communication Evolution,DocxTest.docx,
,The digital age has seen a transformation in communication,DocxTest.docx,
,"Social media platforms like Facebook, Twitter, and Instagram have made it possible to connect with anyone across the globe instantly",DocxTest.docx,
,This immediacy of communication has fostered international relationships and cultural exchange but has also raised concerns about privacy and the spread of misinformation,DocxTest.docx,
,Healthcare Advancements,DocxTest.docx,
,"In healthcare, technology has enabled significant advancements",DocxTest.docx,
,"Telemedicine allows patients to consult with doctors remotely, making healthcare more accessible",DocxTest.docx,
,"Moreover, wearable technology monitors vital signs in real-time, providing a wealth of data that can predict potential health issues before they become critical",DocxTest.docx,
,Educational Reform,DocxTest.docx,
,Education has been reformed by technology through online learning platforms that offer courses from institutions worldwide,DocxTest.docx,
,This democratization of education has made knowledge more accessible but also poses challenges in ensuring quality and mitigating the digital divide,DocxTest.docx,
,Business Innovation,DocxTest.docx,
,Businesses have leveraged technology to streamline operations and reach global markets,DocxTest.docx,
,E-commerce platforms like Amazon have transformed retail by offering a vast selection of products with the convenience of home delivery,DocxTest.docx,
,"However, this shift has impacted traditional brick-and-mortar stores and raised questions about employment in the retail sector",DocxTest.docx,
,Conclusion,DocxTest.docx,
,"As we navigate this technological landscape, it is crucial to consider both its benefits and its potential drawbacks",DocxTest.docx,
,"By doing so, we can harness technology to improve lives while being mindful of its impact on society",DocxTest.docx,
,I hope this revised essay meets your requirements for length and tone,DocxTest.docx,
,"Certainly! Here is the updated essay with a longer length and an informative tone:

The Impact of Technology on Society

In the contemporary world, technology is the cornerstone of change and progress",TestText.txt,
,"It has undeniably altered the way we live, work, and interact with one another",TestText.txt,
,"The advent of the internet, smartphones, and artificial intelligence has revolutionized communication, healthcare, education, and business",TestText.txt,
,"Communication Evolution

The digital age has seen a transformation in communication",TestText.txt,
,"Social media platforms like Facebook, Twitter, and Instagram have made it possible to connect with anyone across the globe instantly",TestText.txt,
,This immediacy of communication has fostered international relationships and cultural exchange but has also raised concerns about privacy and the spread of misinformation,TestText.txt,
,"Healthcare Advancements

In healthcare, technology has enabled significant advancements",TestText.txt,
,"Telemedicine allows patients to consult with doctors remotely, making healthcare more accessible",TestText.txt,
,"Moreover, wearable technology monitors vital signs in real-time, providing a wealth of data that can predict potential health issues before they become critical",TestText.txt,
,"Educational Reform

Education has been reformed by technology through online learning platforms that offer courses from institutions worldwide",TestText.txt,
,This democratization of education has made knowledge more accessible but also poses challenges in ensuring quality and mitigating the digital divide,TestText.txt,
,"Business Innovation

Businesses have leveraged technology to streamline operations and reach global markets",TestText.txt,
,E-commerce platforms like Amazon have transformed retail by offering a vast selection of products with the convenience of home delivery,TestText.txt,
,"However, this shift has impacted traditional brick-and-mortar stores and raised questions about employment in the retail sector",TestText.txt,
,"Conclusion

As we navigate this technological landscape, it is crucial to consider both its benefits and its potential drawbacks",TestText.txt,
,"By doing so, we can harness technology to improve lives while being mindful of its impact on society",TestText.txt,
,I hope this revised essay meets your requirements for length and tone,TestText.txt,
